OBJECTID,GEOGID,T1_1AGE70_74T,T1_1AGE75_79T,T1_1AGE80_84T,T1_1AGEGE_85T,T1_1AGETT,T8_1_RT,T8_1_UTWSDT,T11_1_BUT,T11_2_T1,T11_2_T2,T11_2_T3,T11_2_T4,T11_2_T5,T11_2_T6,T11_2_T7,T11_2_T8,T11_2_NS,T11_2_T,T12_1_T,T12_3_BT,T12_3_VBT,T15_1_NC,Elderly_Ratio,Health_Disability,NoCar_Ratio,Econ_Vuln,Elderly_Norm,Health_Norm,NoCar_Norm,Econ_Norm,Pedestrian Accessibility,Population Vulnerability,Composite_Accessibility_Index,CAI_norm,VUL_norm,Access_Deficit,Hotspot_Score,Intervention Priority
1,A047186006,24,24,15,27,438,90,21,39,26,28,26,55,49,34,17,5,7,247,126,3,2,9,0.20547945,0.29908676,0.02054795,0.25342466,1.00000000,0.61668105,0.12483867,0.84767202,0,0.67950645,0.16024677,0.03877028,0.81501933,0.96122972,0.88812452,0.87350348
2,A047033002,0,1,1,0,226,2,7,7,12,19,17,33,57,11,5,12,7,173,36,1,0,3,0.00884956,0.16371681,0.01327434,0.03982301,0.00898341,0.11304090,0.08064799,0.05592600,0,0.06392209,0.46803895,0.42224265,0.02399737,0.57775735,0.30087736,0.24550136
3,A047033001,29,7,12,8,376,56,17,6,12,29,22,45,43,54,4,8,7,224,96,7,4,11,0.14893617,0.28457447,0.02925532,0.19414894,0.71502131,0.56268847,0.17774016,0.62795781,0.3,0.54445253,0.37777374,0.30978295,0.64147590,0.69021705,0.66584648,0.66097236
4,A047033004,1,0,0,1,283,2,5,16,12,19,16,51,34,48,22,11,11,224,57,2,1,0,0.00706714,0.21201413,0.00000000,0.02473498,0.00000000,0.29272975,0.00000000,0.00000000,0.6,0.08781893,0.75609054,0.78112059,0.05470465,0.21887941,0.13679203,0.12037455
5,A047033009,22,14,8,5,322,60,24,21,19,21,24,16,44,13,2,9,17,165,97,7,5,53,0.15217391,0.33850932,0.16459627,0.26086957,0.73133956,0.76335159,1.00000166,0.87526767,1,0.82346121,0.58826939,0.57203545,1.00000027,0.42796455,0.71398241,0.77118598
6,A047033003,11,6,4,5,195,30,14,13,11,11,8,13,26,15,1,8,19,112,42,7,0,27,0.13333333,0.25128205,0.13846154,0.22564103,0.63638286,0.43882495,0.84122055,0.74468789,0.6,0.63974403,0.48012798,0.43730414,0.76392487,0.56269586,0.66331037,0.68343327
7,A047033011,22,10,4,5,280,41,18,8,21,21,18,21,43,19,6,12,7,168,75,2,3,25,0.14642857,0.28571429,0.08928571,0.21071429,0.70238299,0.56692913,0.54245373,0.68935973,0.3,0.62715633,0.33642184,0.25826341,0.74774975,0.74173659,0.74474317,0.74534449
8,A047186003,3,1,0,2,403,13,16,31,46,33,25,43,85,22,7,25,19,305,71,2,1,5,0.01488834,0.18362283,0.01240695,0.07196030,0.03941892,0.18710068,0.07537819,0.17504760,0,0.11804104,0.44097948,0.38852977,0.09353987,0.61147023,0.35250505,0.30071201
9,A047186008,2,4,1,0,330,10,4,28,33,21,10,40,79,29,1,12,26,251,43,2,0,2,0.02121212,0.13636364,0.00606061,0.04242424,0.07129085,0.01127416,0.03682110,0.06556785,0,0.04524729,0.47737635,0.43387594,0.00000038,0.56612406,0.28306222,0.22644985
10,A047177002,3,1,3,0,270,8,8,21,21,38,16,24,62,15,0,6,15,197,34,2,0,7,0.02592593,0.13333333,0.02592593,0.05925926,0.09504848,0.00000000,0.15751249,0.12796933,0,0.08561091,0.45719455,0.40873181,0.05186736,0.59126819,0.32156777,0.26762769
11,A047033007,1,0,1,2,207,7,5,21,15,8,10,23,46,13,6,14,15,150,53,3,2,12,0.01932367,0.28019324,0.05797101,0.05797101,0.06177305,0.54638822,0.35220184,0.12319426,0.3,0.27752760,0.51123620,0.47606127,0.29847908,0.52393873,0.41120891,0.38866294
12,A047033005,2,1,0,0,266,8,4,16,10,18,12,34,68,19,8,13,12,194,40,2,2,10,0.01127820,0.16541353,0.03759398,0.04511278,0.02122377,0.11935350,0.22840157,0.07553332,0.6,0.10296016,0.74851992,0.77168850,0.07416104,0.22831150,0.15123627,0.13582122
13,A047186004,17,18,12,2,372,69,8,13,18,11,20,41,72,39,6,17,7,231,65,4,0,4,0.13172043,0.18548387,0.01075269,0.20698925,0.62825381,0.19402464,0.06532776,0.67555232,0,0.39485955,0.30257022,0.21608834,0.44924989,0.78391166,0.61658077,0.58311460
14,A047033017,11,14,6,2,189,31,10,3,17,6,12,11,15,23,0,9,17,110,67,8,1,14,0.17460317,0.40211640,0.07407407,0.21693122,0.84438326,1.00000000,0.45003569,0.71240370,0.3,0.78580286,0.25709857,0.15943608,0.95160953,0.84056392,0.89608672,0.90719128
15,A047325009,3,3,0,0,319,6,6,14,32,17,14,44,68,7,2,14,50,248,42,3,0,7,0.01880878,0.14106583,0.02194357,0.03761755,0.05917798,0.02876854,0.13331778,0.04775116,0.6,0.06259774,0.76870113,0.79683188,0.02229559,0.20316812,0.11273186,0.09464460
16,A047033006,8,2,4,7,167,30,4,5,7,9,11,12,15,16,3,2,20,95,42,1,0,4,0.12574850,0.25748503,0.02395210,0.20359281,0.59815524,0.46190297,0.14552052,0.66296294,0.3,0.47971415,0.41014292,0.35011110,0.55828751,0.64988890,0.60408820,0.59492806
17,A047325005,10,6,4,4,175,32,6,3,2,9,12,19,43,13,0,2,11,111,43,1,0,2,0.13714286,0.25142857,0.01142857,0.21714286,0.65558289,0.43937008,0.06943408,0.71318817,0.3,0.48501034,0.40749483,0.34681189,0.56509308,0.65318811,0.60914059,0.60033109
18,A047325004,21,16,10,2,418,66,15,15,14,22,23,45,82,41,3,19,12,261,82,9,1,5,0.11722488,0.22009569,0.01196172,0.19377990,0.55519610,0.32279697,0.07267323,0.62658994,1,0.40325055,0.79837472,0.83380165,0.46003227,0.16619835,0.31311531,0.34249870
19,A047325006,13,12,5,4,312,47,13,17,8,26,16,26,55,58,4,10,6,209,59,3,0,2,0.10897436,0.19871795,0.00641026,0.19230769,0.51361339,0.24326166,0.03894540,0.62113297,0.6,0.35907819,0.62046091,0.61214224,0.40327106,0.38785776,0.39556441,0.39710574
20,A047186009,10,13,3,2,261,34,12,29,7,10,15,49,39,40,4,5,11,180,58,2,2,2,0.10727969,0.23754789,0.00766284,0.17624521,0.50507226,0.38772740,0.04655542,0.56159501,0,0.38946998,0.30526501,0.21944572,0.44232433,0.78055428,0.61143930,0.57761631
21,A047325010,9,9,8,1,202,26,4,19,8,8,18,25,39,30,1,6,9,144,30,4,0,2,0.13366337,0.16831683,0.00990099,0.14851485,0.63804623,0.13015514,0.06015329,0.45880835,0.3,0.33425274,0.48287363,0.44072489,0.37137052,0.55927511,0.46532281,0.44653235
22,A047186007,13,11,4,1,146,36,7,7,3,5,6,7,8,14,10,6,9,68,39,4,4,5,0.19863014,0.32191781,0.03424658,0.29452055,0.96547939,0.70162334,0.20806444,1.00000000,0,0.74174371,0.12912815,0.00000018,0.89499380,0.99999982,0.94749681,0.93699621
23,A047033008,5,8,8,2,222,29,6,16,11,19,15,16,28,20,10,7,12,138,51,4,1,8,0.10360360,0.25225225,0.03603604,0.15765766,0.48654473,0.44243456,0.21893628,0.49269751,0.6,0.42102054,0.58948973,0.57355584,0.48286660,0.42644416,0.45465538,0.46029762
24,A047325001,10,6,3,7,213,31,5,12,13,17,17,21,23,14,22,5,9,141,48,3,0,0,0.12206573,0.23943662,0.00000000,0.16901408,0.57959402,0.39475435,0.00000000,0.53479178,0.6,0.39926287,0.60036857,0.58710958,0.45490812,0.41289042,0.43389927,0.43810104
25,A047325007,10,10,3,6,360,39,7,17,33,17,21,47,64,32,17,7,8,246,57,0,2,5,0.08055556,0.16388889,0.01388889,0.12777778,0.37038234,0.11368110,0.08438169,0.38194332,0.3,0.23848404,0.53075798,0.50038309,0.24830835,0.49961691,0.37396263,0.34883178
26,A047325002,20,4,5,3,331,46,7,27,22,19,22,40,36,25,23,10,5,202,78,3,2,7,0.09667674,0.25075529,0.02114804,0.16012085,0.45163326,0.43686514,0.12848451,0.50182768,0.6,0.39261196,0.60369402,0.59125270,0.44636174,0.40874730,0.42755452,0.43131597
27,A047033013,11,6,7,3,234,29,20,25,11,19,15,24,15,23,2,4,22,135,61,5,1,4,0.11538462,0.28632479,0.01709402,0.20940171,0.54592114,0.56920048,0.10385439,0.68449447,0,0.49220626,0.25389687,0.15544714,0.57433978,0.84455286,0.70944632,0.68242501
28,A047033010,9,11,4,2,163,25,6,9,6,15,16,16,15,22,2,3,7,102,42,2,3,2,0.15950920,0.28834356,0.01226994,0.19018405,0.76830949,0.57671127,0.07454579,0.61326137,0.3,0.54106766,0.37946617,0.31189152,0.63712637,0.68810848,0.66261743,0.65751921
29,A047033014,19,13,11,28,414,79,18,26,27,39,26,27,37,51,8,10,13,238,124,8,0,12,0.17149758,0.31884058,0.02898551,0.23429952,0.82873106,0.69017460,0.17610092,0.77678186,0,0.64624825,0.17687587,0.05948816,0.77228276,0.94051184,0.85639730,0.83957439
30,A047033015,4,4,6,4,208,24,13,13,16,22,12,23,22,28,4,5,8,140,53,3,2,2,0.08653846,0.27884615,0.00961538,0.17788462,0.40053625,0.54137644,0.05841809,0.56767171,0,0.40779177,0.29610412,0.20803234,0.46586770,0.79196766,0.62891768,0.59630768
31,A047033016,6,5,2,7,220,13,2,25,14,24,24,21,41,26,4,6,4,164,45,3,0,2,0.09090909,0.21818182,0.00909091,0.06818182,0.42256426,0.31567645,0.05523165,0.16104211,0.3,0.26472697,0.51763652,0.48403530,0.28203035,0.51596470,0.39899752,0.37560409
32,A047325003,9,2,1,3,304,15,5,11,30,36,16,23,44,46,1,11,12,219,51,1,0,0,0.04934211,0.17105263,0.00000000,0.06578947,0.21306625,0.14033361,0.00000000,0.15217453,1,0.13645486,0.93177257,1.00000000,0.11720152,0.00000000,0.05860076,0.07032091
33,A047033012,22,16,4,3,624,54,18,64,36,51,44,73,65,69,7,18,11,374,117,6,1,7,0.07211538,0.19871795,0.01121795,0.11538462,0.32784380,0.24326166,0.06815444,0.33600624,0.3,0.25216377,0.52391811,0.49186142,0.26588673,0.50813858,0.38701265,0.36278747
34,A047325008,1,2,3,0,413,8,7,26,21,35,24,53,61,41,4,25,19,283,85,6,3,20,0.01452785,0.22760291,0.04842615,0.03631961,0.03760204,0.35072735,0.29421219,0.04294014,0.6,0.18392928,0.70803536,0.72124957,0.17820584,0.27875043,0.22847814,0.21842368
